taskinstr_resp.keys,taskinstr_resp.rt,task_instr_loop.thisRepN,task_instr_loop.thisTrialN,task_instr_loop.thisN,task_instr_loop.thisIndex,task_instr_loop.ran,instruct_num,instruct_text,participant,date,expName,psychopyVersion,OS,frameRate,sentence_resp.keys,sentence_resp.rt,probe_resp.keys,passage1_loop.thisRepN,passage1_loop.thisTrialN,passage1_loop.thisN,passage1_loop.thisIndex,passage1_loop.ran,passage,line,line_text,probe,condition,condition_num,set,probe_resp.rt,compr_instr_resp.keys,compr_instr_resp.rt,comprehension_resp.keys,comprehension_resp.corr,comprehension_resp.rt,comprehension1_loop.thisRepN,comprehension1_loop.thisTrialN,comprehension1_loop.thisN,comprehension1_loop.thisIndex,comprehension1_loop.ran,correct_response,passage2_loop.thisRepN,passage2_loop.thisTrialN,passage2_loop.thisN,passage2_loop.thisIndex,passage2_loop.ran,comprehension2_loop.thisRepN,comprehension2_loop.thisTrialN,comprehension2_loop.thisN,comprehension2_loop.thisIndex,comprehension2_loop.ran,passage3_loop.thisRepN,passage3_loop.thisTrialN,passage3_loop.thisN,passage3_loop.thisIndex,passage3_loop.ran,comprehension3_loop.thisRepN,comprehension3_loop.thisTrialN,comprehension3_loop.thisN,comprehension3_loop.thisIndex,comprehension3_loop.ran,passage4_loop.thisRepN,passage4_loop.thisTrialN,passage4_loop.thisN,passage4_loop.thisIndex,passage4_loop.ran,comprehension4_loop.thisRepN,comprehension4_loop.thisTrialN,comprehension4_loop.thisN,comprehension4_loop.thisIndex,comprehension4_loop.ran,passage5_loop.thisRepN,passage5_loop.thisTrialN,passage5_loop.thisN,passage5_loop.thisIndex,passage5_loop.ran,comprehension5_loop.thisRepN,comprehension5_loop.thisTrialN,comprehension5_loop.thisN,comprehension5_loop.thisIndex,comprehension5_loop.ran,passage6_loop.thisRepN,passage6_loop.thisTrialN,passage6_loop.thisN,passage6_loop.thisIndex,passage6_loop.ran,comprehension6_loop.thisRepN,comprehension6_loop.thisTrialN,comprehension6_loop.thisN,comprehension6_loop.thisIndex,comprehension6_loop.ran,passage7_loop.thisRepN,passage7_loop.thisTrialN,passage7_loop.thisN,passage7_loop.thisIndex,passage7_loop.ran,comprehension7_loop.thisRepN,comprehension7_loop.thisTrialN,comprehension7_loop.thisN,comprehension7_loop.thisIndex,comprehension7_loop.ran,passage8_loop.thisRepN,passage8_loop.thisTrialN,passage8_loop.thisN,passage8_loop.thisIndex,passage8_loop.ran,comprehension8_loop.thisRepN,comprehension8_loop.thisTrialN,comprehension8_loop.thisN,comprehension8_loop.thisIndex,comprehension8_loop.ran,Thankyou_resp.keys,Thankyou_resp.rt
space,17.454685,0,0,0,0,1,1,"TASK INSTRUCTIONS - PLEASE READ CAREFULLY!

The goal of this study is to learn how mind wandering affects how you learn information during reading. Mind wandering is a term used to describe what occurs when your attention wanders from a task. Sometimes when your mind wanders, you begin thinking about personal events or concerns rather than your task. At other times, your mind can wander because you are bored or tired and you don’t really know what you’re thinking about; all you know is that you are no longer thinking about your task.

Please press the space bar to continue.",M061893,2020-07-27_15h18.33.624,Feng_Mindwandering_Set2,2020.1.3,Win32,60,,,,,,,,,,,,,,,,,,,,,,,,,,,,,,,,,,,,,,,,,,,,,,,,,,,,,,,,,,,,,,,,,,,,,,,,,,,,,,,,,,,,,,,,,,,,,,,,,,,
space,13.350405,0,1,1,1,1,2,"In this experiment, you will read 8 passages and answer reading comprehension questions for each passage. THE PASSAGES WILL BE PRESENTED IN A SENTENCE-BY-SENTENCE FASHION. PLEASE READ THE SENTENCES AT YOUR NORMAL READING PACE. ONCE YOU HAVE FINISHED READING ONE SENTENCE, PRESS THE SPACE KEY TO MOVE ON TO THE NEXT SENTENCE. Once you've read the sentence you MAY NOT GO BACK.

Please press the space bar to continue.",M061893,2020-07-27_15h18.33.624,Feng_Mindwandering_Set2,2020.1.3,Win32,60,,,,,,,,,,,,,,,,,,,,,,,,,,,,,,,,,,,,,,,,,,,,,,,,,,,,,,,,,,,,,,,,,,,,,,,,,,,,,,,,,,,,,,,,,,,,,,,,,,,
space,10.322045,0,2,2,2,1,3,"THE SET OF READING COMPREHENSION QUESTIONS FOR THAT PARTICULAR PASSAGE YOU’VE FINISHED READING WILL APPEAR AFTER EACH PASSAGE, not all together at the end. Like the sentences, once you've answered the questions you MAY NOT GO BACK TO CHANGE YOUR ANSWER.

Please press the space bar to continue.",M061893,2020-07-27_15h18.33.624,Feng_Mindwandering_Set2,2020.1.3,Win32,60,,,,,,,,,,,,,,,,,,,,,,,,,,,,,,,,,,,,,,,,,,,,,,,,,,,,,,,,,,,,,,,,,,,,,,,,,,,,,,,,,,,,,,,,,,,,,,,,,,,
space,17.40576,0,3,3,3,1,5,"Additionally, while you are reading you will be randomly interrupted and asked “WERE YOU MIND WANDERING WHEN YOU READ THE PREVIOUS SENTENCE?"" as the question will appear on screen. That is, whether your thoughts were off-task rather than focusing on the prior sentence, in which you would have to choose either “Yes” or “No” by pressing the ""Y"" for Yes or ""N"" for No on your keyboard.

Please press the space bar to continue.",M061893,2020-07-27_15h18.33.624,Feng_Mindwandering_Set2,2020.1.3,Win32,60,,,,,,,,,,,,,,,,,,,,,,,,,,,,,,,,,,,,,,,,,,,,,,,,,,,,,,,,,,,,,,,,,,,,,,,,,,,,,,,,,,,,,,,,,,,,,,,,,,,
space,13.16388,0,4,4,4,1,6,"This entire experiment is self-paced. Though of course you should try NOT TO go over the experiment's ending time of 30 minutes. So try to do the task all the way through instead of taking too many small breaks in between. The experiment isn't long so you should be able to do it without taking any breaks. 

Please press the space bar to continue.",M061893,2020-07-27_15h18.33.624,Feng_Mindwandering_Set2,2020.1.3,Win32,60,,,,,,,,,,,,,,,,,,,,,,,,,,,,,,,,,,,,,,,,,,,,,,,,,,,,,,,,,,,,,,,,,,,,,,,,,,,,,,,,,,,,,,,,,,,,,,,,,,,
space,1.354055,0,5,5,5,1,7,Please press the space bar to start reading the first passage.,M061893,2020-07-27_15h18.33.624,Feng_Mindwandering_Set2,2020.1.3,Win32,60,,,,,,,,,,,,,,,,,,,,,,,,,,,,,,,,,,,,,,,,,,,,,,,,,,,,,,,,,,,,,,,,,,,,,,,,,,,,,,,,,,,,,,,,,,,,,,,,,,,
,,,,,,,,,M061893,2020-07-27_15h18.33.624,Feng_Mindwandering_Set2,2020.1.3,Win32,60,space,8.75496,,0,0,0,0,1,1,0,Passage 1,0,Easy,2,2,,,,,,,,,,,,,,,,,,,,,,,,,,,,,,,,,,,,,,,,,,,,,,,,,,,,,,,,,,,,,,,,,,,,,,,,,,,,,,,,,,,,
,,,,,,,,,M061893,2020-07-27_15h18.33.624,Feng_Mindwandering_Set2,2020.1.3,Win32,60,space,6.50535,,0,1,1,1,1,1,1,Elizabeth Barrett was wise enough to see that Browning was a fine poet.,0,Easy,2,2,,,,,,,,,,,,,,,,,,,,,,,,,,,,,,,,,,,,,,,,,,,,,,,,,,,,,,,,,,,,,,,,,,,,,,,,,,,,,,,,,,,,
,,,,,,,,,M061893,2020-07-27_15h18.33.624,Feng_Mindwandering_Set2,2020.1.3,Win32,60,space,18.72099,n,0,2,2,2,1,1,2,"The young man with the lemon-colored gloves and long dark hair and high-strung, restless manner who had visited her in 1846 had been moved to write to her because she had praised his poetry.",1,Easy,2,2,2.68315,,,,,,,,,,,,,,,,,,,,,,,,,,,,,,,,,,,,,,,,,,,,,,,,,,,,,,,,,,,,,,,,,,,,,,,,,,,,,,,,,,,
,,,,,,,,,M061893,2020-07-27_15h18.33.624,Feng_Mindwandering_Set2,2020.1.3,Win32,60,space,27.61334,y,0,3,3,3,1,1,3,"She found the man even more to her liking than the verse, and it was not so very long-only the time between May, 1845 and September, 1846-before Robert Browning had stolen the poetess from the dour father who guarded her like a dragon (never wanting her to marry any man), and taken her with him to Italy and a new life.",1,Easy,2,2,3.69509,,,,,,,,,,,,,,,,,,,,,,,,,,,,,,,,,,,,,,,,,,,,,,,,,,,,,,,,,,,,,,,,,,,,,,,,,,,,,,,,,,,
,,,,,,,,,M061893,2020-07-27_15h18.33.624,Feng_Mindwandering_Set2,2020.1.3,Win32,60,space,9.902965,,0,4,4,4,1,1,4,"One morning, soon after Robert and Elizabeth married; she thrust a manuscript into Robert’s pocket.",0,Easy,2,2,,,,,,,,,,,,,,,,,,,,,,,,,,,,,,,,,,,,,,,,,,,,,,,,,,,,,,,,,,,,,,,,,,,,,,,,,,,,,,,,,,,,
,,,,,,,,,M061893,2020-07-27_15h18.33.624,Feng_Mindwandering_Set2,2020.1.3,Win32,60,space,3.292115,,0,5,5,5,1,1,5,"Then she ran up to her room, embarrassed by her action.",0,Easy,2,2,,,,,,,,,,,,,,,,,,,,,,,,,,,,,,,,,,,,,,,,,,,,,,,,,,,,,,,,,,,,,,,,,,,,,,,,,,,,,,,,,,,,
,,,,,,,,,M061893,2020-07-27_15h18.33.624,Feng_Mindwandering_Set2,2020.1.3,Win32,60,space,6.26034,,0,6,6,6,1,1,6,The manuscript was a sonnet sequence that she had written about their courtship and their love letters.,0,Easy,2,2,,,,,,,,,,,,,,,,,,,,,,,,,,,,,,,,,,,,,,,,,,,,,,,,,,,,,,,,,,,,,,,,,,,,,,,,,,,,,,,,,,,,
,,,,,,,,,M061893,2020-07-27_15h18.33.624,Feng_Mindwandering_Set2,2020.1.3,Win32,60,space,7.079955,,0,7,7,7,1,1,7,"Mrs. Browning never intended for these poems to be published, but Robert promptly insisted that they must be.",0,Easy,2,2,,,,,,,,,,,,,,,,,,,,,,,,,,,,,,,,,,,,,,,,,,,,,,,,,,,,,,,,,,,,,,,,,,,,,,,,,,,,,,,,,,,,
,,,,,,,,,M061893,2020-07-27_15h18.33.624,Feng_Mindwandering_Set2,2020.1.3,Win32,60,space,3.16304,,0,8,8,8,1,1,8,He suggested calling them Sonnets from the Portuguese.,0,Easy,2,2,,,,,,,,,,,,,,,,,,,,,,,,,,,,,,,,,,,,,,,,,,,,,,,,,,,,,,,,,,,,,,,,,,,,,,,,,,,,,,,,,,,,
,,,,,,,,,M061893,2020-07-27_15h18.33.624,Feng_Mindwandering_Set2,2020.1.3,Win32,60,space,4.01048,,0,9,9,9,1,1,9,He may have suggested this title to hide the fact that the poems were personal.,0,Easy,2,2,,,,,,,,,,,,,,,,,,,,,,,,,,,,,,,,,,,,,,,,,,,,,,,,,,,,,,,,,,,,,,,,,,,,,,,,,,,,,,,,,,,,
,,,,,,,,,M061893,2020-07-27_15h18.33.624,Feng_Mindwandering_Set2,2020.1.3,Win32,60,space,4.458635,,0,10,10,10,1,1,10,He thought that these poems were “the finest sonnets written in our language since Shakespeare’s.”,0,Easy,2,2,,,,,,,,,,,,,,,,,,,,,,,,,,,,,,,,,,,,,,,,,,,,,,,,,,,,,,,,,,,,,,,,,,,,,,,,,,,,,,,,,,,,
,,,,,,,,,M061893,2020-07-27_15h18.33.624,Feng_Mindwandering_Set2,2020.1.3,Win32,60,space,7.62648,,0,11,11,11,1,1,11,"Robert Browning’s opinion of Sonnets from the Portuguese was flattering to his wife, the same as his opinion of most of her poetry.",0,Easy,2,2,,,,,,,,,,,,,,,,,,,,,,,,,,,,,,,,,,,,,,,,,,,,,,,,,,,,,,,,,,,,,,,,,,,,,,,,,,,,,,,,,,,,
,,,,,,,,,M061893,2020-07-27_15h18.33.624,Feng_Mindwandering_Set2,2020.1.3,Win32,60,space,4.54598,,0,12,12,12,1,1,12,"He thought that she was a better poet than he was, and the world at that time agreed with him.",0,Easy,2,2,,,,,,,,,,,,,,,,,,,,,,,,,,,,,,,,,,,,,,,,,,,,,,,,,,,,,,,,,,,,,,,,,,,,,,,,,,,,,,,,,,,,
,,,,,,,,,M061893,2020-07-27_15h18.33.624,Feng_Mindwandering_Set2,2020.1.3,Win32,60,space,5.73057,,0,13,13,13,1,1,13,"He called her his “moon of poets,” and she considered him her sun.",0,Easy,2,2,,,,,,,,,,,,,,,,,,,,,,,,,,,,,,,,,,,,,,,,,,,,,,,,,,,,,,,,,,,,,,,,,,,,,,,,,,,,,,,,,,,,
,,,,,,,,,M061893,2020-07-27_15h18.33.624,Feng_Mindwandering_Set2,2020.1.3,Win32,60,space,3.60374,,0,14,14,14,1,1,14,Elizabeth Barrett Browning was a pure singer with a lovely lyrical tenderness.,0,Easy,2,2,,,,,,,,,,,,,,,,,,,,,,,,,,,,,,,,,,,,,,,,,,,,,,,,,,,,,,,,,,,,,,,,,,,,,,,,,,,,,,,,,,,,
,,,,,,,,,M061893,2020-07-27_15h18.33.624,Feng_Mindwandering_Set2,2020.1.3,Win32,60,space,4.090235,,0,15,15,15,1,1,15,She was the best poet of her sex since Sappho.,0,Easy,2,2,,,,,,,,,,,,,,,,,,,,,,,,,,,,,,,,,,,,,,,,,,,,,,,,,,,,,,,,,,,,,,,,,,,,,,,,,,,,,,,,,,,,
,,,,,,,,,M061893,2020-07-27_15h18.33.624,Feng_Mindwandering_Set2,2020.1.3,Win32,60,space,6.451965,,0,16,16,16,1,1,16,Her Sonnets reveal a woman’s secret soul like no other poetry in our literature up to that time.,0,Easy,2,2,,,,,,,,,,,,,,,,,,,,,,,,,,,,,,,,,,,,,,,,,,,,,,,,,,,,,,,,,,,,,,,,,,,,,,,,,,,,,,,,,,,,
,,,,,,,,,M061893,2020-07-27_15h18.33.624,Feng_Mindwandering_Set2,2020.1.3,Win32,60,space,5.218845,,0,17,17,17,1,1,17,"They did so with autobiographical honesty, fine moderation and fullness.",0,Easy,2,2,,,,,,,,,,,,,,,,,,,,,,,,,,,,,,,,,,,,,,,,,,,,,,,,,,,,,,,,,,,,,,,,,,,,,,,,,,,,,,,,,,,,
,,,,,,,,,M061893,2020-07-27_15h18.33.624,Feng_Mindwandering_Set2,2020.1.3,Win32,60,space,3.79573,,0,18,18,18,1,1,18,Her lyrical mastery shines in many passages of her writings.,0,Easy,2,2,,,,,,,,,,,,,,,,,,,,,,,,,,,,,,,,,,,,,,,,,,,,,,,,,,,,,,,,,,,,,,,,,,,,,,,,,,,,,,,,,,,,
,,,,,,,,,M061893,2020-07-27_15h18.33.624,Feng_Mindwandering_Set2,2020.1.3,Win32,60,space,3.82502,,0,19,19,19,1,1,19,Italy was a kind of promised land for Elizabeth Browning.,0,Easy,2,2,,,,,,,,,,,,,,,,,,,,,,,,,,,,,,,,,,,,,,,,,,,,,,,,,,,,,,,,,,,,,,,,,,,,,,,,,,,,,,,,,,,,
,,,,,,,,,M061893,2020-07-27_15h18.33.624,Feng_Mindwandering_Set2,2020.1.3,Win32,60,space,3.489515,,0,20,20,20,1,1,20,"In the summer, she and her husband lived in Florence or in little villages.",0,Easy,2,2,,,,,,,,,,,,,,,,,,,,,,,,,,,,,,,,,,,,,,,,,,,,,,,,,,,,,,,,,,,,,,,,,,,,,,,,,,,,,,,,,,,,
,,,,,,,,,M061893,2020-07-27_15h18.33.624,Feng_Mindwandering_Set2,2020.1.3,Win32,60,space,5.890585,,0,21,21,21,1,1,21,She drank in the sun of the south and the warmth of her husband’s love.,0,Easy,2,2,,,,,,,,,,,,,,,,,,,,,,,,,,,,,,,,,,,,,,,,,,,,,,,,,,,,,,,,,,,,,,,,,,,,,,,,,,,,,,,,,,,,
,,,,,,,,,M061893,2020-07-27_15h18.33.624,Feng_Mindwandering_Set2,2020.1.3,Win32,60,space,3.01686,,0,22,22,22,1,1,22,She blossomed in a life of delicate happiness for fifteen years.,0,Easy,2,2,,,,,,,,,,,,,,,,,,,,,,,,,,,,,,,,,,,,,,,,,,,,,,,,,,,,,,,,,,,,,,,,,,,,,,,,,,,,,,,,,,,,
,,,,,,,,,M061893,2020-07-27_15h18.33.624,Feng_Mindwandering_Set2,2020.1.3,Win32,60,space,3.40117,,0,23,23,23,1,1,23,"She found friends in Italy, most of them cultured Americans.",0,Easy,2,2,,,,,,,,,,,,,,,,,,,,,,,,,,,,,,,,,,,,,,,,,,,,,,,,,,,,,,,,,,,,,,,,,,,,,,,,,,,,,,,,,,,,
,,,,,,,,,M061893,2020-07-27_15h18.33.624,Feng_Mindwandering_Set2,2020.1.3,Win32,60,space,8.729375,n,0,24,24,24,1,1,24,Hawthorne saw the Browning's there: the New England thinker and essayist Margaret Fuller visited them.,1,Easy,2,2,3.699275,,,,,,,,,,,,,,,,,,,,,,,,,,,,,,,,,,,,,,,,,,,,,,,,,,,,,,,,,,,,,,,,,,,,,,,,,,,,,,,,,,,
,,,,,,,,,M061893,2020-07-27_15h18.33.624,Feng_Mindwandering_Set2,2020.1.3,Win32,60,space,4.88009,,0,25,25,25,1,1,25,The painter Story and the young sculptress Harriet Hosmer came.,0,Easy,2,2,,,,,,,,,,,,,,,,,,,,,,,,,,,,,,,,,,,,,,,,,,,,,,,,,,,,,,,,,,,,,,,,,,,,,,,,,,,,,,,,,,,,
,,,,,,,,,M061893,2020-07-27_15h18.33.624,Feng_Mindwandering_Set2,2020.1.3,Win32,60,space,7.575955,n,0,26,26,26,1,1,26,"One caller records that Robert Browning was “simple, natural, and playful,” and that Mrs. Browning was all “genius and sensibility.”",1,Easy,2,2,1.58475,,,,,,,,,,,,,,,,,,,,,,,,,,,,,,,,,,,,,,,,,,,,,,,,,,,,,,,,,,,,,,,,,,,,,,,,,,,,,,,,,,,
,,,,,,,,,M061893,2020-07-27_15h18.33.624,Feng_Mindwandering_Set2,2020.1.3,Win32,60,space,8.800545,y,0,27,27,27,1,1,27,"Daytimes Browning walked forth with Elizabeth's little dog Flush, but he seldom could be lured from his home evenings.",1,Easy,2,2,1.81732,,,,,,,,,,,,,,,,,,,,,,,,,,,,,,,,,,,,,,,,,,,,,,,,,,,,,,,,,,,,,,,,,,,,,,,,,,,,,,,,,,,
,,,,,,,,,M061893,2020-07-27_15h18.33.624,Feng_Mindwandering_Set2,2020.1.3,Win32,60,space,9.2018,n,0,28,28,28,1,1,28,"One privileged intruder, coming frequently at night to join the poets over hot chestnuts and mulled wine, found talk good and laughter plentiful.",1,Easy,2,2,1.20556,,,,,,,,,,,,,,,,,,,,,,,,,,,,,,,,,,,,,,,,,,,,,,,,,,,,,,,,,,,,,,,,,,,,,,,,,,,,,,,,,,,
,,,,,,,,,M061893,2020-07-27_15h18.33.624,Feng_Mindwandering_Set2,2020.1.3,Win32,60,space,3.323475,,0,29,29,29,1,1,29,He found the talk good and the laughter plentiful.,0,Easy,2,2,,,,,,,,,,,,,,,,,,,,,,,,,,,,,,,,,,,,,,,,,,,,,,,,,,,,,,,,,,,,,,,,,,,,,,,,,,,,,,,,,,,,
,,,,,,,,,M061893,2020-07-27_15h18.33.624,Feng_Mindwandering_Set2,2020.1.3,Win32,60,space,5.631375,,0,30,30,30,1,1,30,"The Brownings had a son, Robert Weidemann Browning, during the third year of their stay in Italy.",0,Easy,2,2,,,,,,,,,,,,,,,,,,,,,,,,,,,,,,,,,,,,,,,,,,,,,,,,,,,,,,,,,,,,,,,,,,,,,,,,,,,,,,,,,,,,
,,,,,,,,,M061893,2020-07-27_15h18.33.624,Feng_Mindwandering_Set2,2020.1.3,Win32,60,space,3.928175,,0,31,31,31,1,1,31,But a strain of dark dread began to creep through this happy life.,0,Easy,2,2,,,,,,,,,,,,,,,,,,,,,,,,,,,,,,,,,,,,,,,,,,,,,,,,,,,,,,,,,,,,,,,,,,,,,,,,,,,,,,,,,,,,
,,,,,,,,,M061893,2020-07-27_15h18.33.624,Feng_Mindwandering_Set2,2020.1.3,Win32,60,space,3.189225,,0,32,32,32,1,1,32,Elizabeth Browning’s father died still disapproving of her marriage.,0,Easy,2,2,,,,,,,,,,,,,,,,,,,,,,,,,,,,,,,,,,,,,,,,,,,,,,,,,,,,,,,,,,,,,,,,,,,,,,,,,,,,,,,,,,,,
,,,,,,,,,M061893,2020-07-27_15h18.33.624,Feng_Mindwandering_Set2,2020.1.3,Win32,60,space,5.188075,,0,33,33,33,1,1,33,He had refused to see her or to allow any of his family to see her.,0,Easy,2,2,,,,,,,,,,,,,,,,,,,,,,,,,,,,,,,,,,,,,,,,,,,,,,,,,,,,,,,,,,,,,,,,,,,,,,,,,,,,,,,,,,,,
,,,,,,,,,M061893,2020-07-27_15h18.33.624,Feng_Mindwandering_Set2,2020.1.3,Win32,60,space,5.98271,,0,34,34,34,1,1,34,Elizabeth’s dearly loved sister died and left three children who were all younger than her own boy.,0,Easy,2,2,,,,,,,,,,,,,,,,,,,,,,,,,,,,,,,,,,,,,,,,,,,,,,,,,,,,,,,,,,,,,,,,,,,,,,,,,,,,,,,,,,,,
,,,,,,,,,M061893,2020-07-27_15h18.33.624,Feng_Mindwandering_Set2,2020.1.3,Win32,60,space,4.774105,,0,35,35,35,1,1,35,Elizabeth drooped and grieved a little and Robert shielded her from ordinary visitors.,0,Easy,2,2,,,,,,,,,,,,,,,,,,,,,,,,,,,,,,,,,,,,,,,,,,,,,,,,,,,,,,,,,,,,,,,,,,,,,,,,,,,,,,,,,,,,
,,,,,,,,,M061893,2020-07-27_15h18.33.624,Feng_Mindwandering_Set2,2020.1.3,Win32,60,space,3.537725,,0,36,36,36,1,1,36,She had a sudden and alarming attack of sickness but was not considered in any danger.,0,Easy,2,2,,,,,,,,,,,,,,,,,,,,,,,,,,,,,,,,,,,,,,,,,,,,,,,,,,,,,,,,,,,,,,,,,,,,,,,,,,,,,,,,,,,,
,,,,,,,,,M061893,2020-07-27_15h18.33.624,Feng_Mindwandering_Set2,2020.1.3,Win32,60,space,7.368595,,0,37,37,37,1,1,37,"One night, soon after, she awoke from a troubled sleep, apparently with no idea that she was about to leave Robert.",0,Easy,2,2,,,,,,,,,,,,,,,,,,,,,,,,,,,,,,,,,,,,,,,,,,,,,,,,,,,,,,,,,,,,,,,,,,,,,,,,,,,,,,,,,,,,
,,,,,,,,,M061893,2020-07-27_15h18.33.624,Feng_Mindwandering_Set2,2020.1.3,Win32,60,space,6.80928,,0,38,38,38,1,1,38,"She spoke tenderly about her love for him. In his arms, her head drooped as though in a faint, but it was the end.",0,Easy,2,2,,,,,,,,,,,,,,,,,,,,,,,,,,,,,,,,,,,,,,,,,,,,,,,,,,,,,,,,,,,,,,,,,,,,,,,,,,,,,,,,,,,,
,,,,,,,,,M061893,2020-07-27_15h18.33.624,Feng_Mindwandering_Set2,2020.1.3,Win32,60,space,9.37355,n,0,39,39,39,1,1,39,"Profound and lasting was Browning's grief. “Looking back,” he said, “I see that we have been all the time walking over a torrent on a straw.”",1,Easy,2,2,1.616965,,,,,,,,,,,,,,,,,,,,,,,,,,,,,,,,,,,,,,,,,,,,,,,,,,,,,,,,,,,,,,,,,,,,,,,,,,,,,,,,,,,
,,,,,,,,,M061893,2020-07-27_15h18.33.624,Feng_Mindwandering_Set2,2020.1.3,Win32,60,,,,,,,,,1,1,"1.     Flush was the name of the Brownings’

a.     Cat
b.     Dog
c.     Canary
d.     Turtle
e.     Thrush",,,,,,space,0.00289,c,0,13.88746,0,0,0,0,1,b,,,,,,,,,,,,,,,,,,,,,,,,,,,,,,,,,,,,,,,,,,,,,,,,,,,,,,,,,,,,,,,,,,,,,,,,
,,,,,,,,,M061893,2020-07-27_15h18.33.624,Feng_Mindwandering_Set2,2020.1.3,Win32,60,,,,,,,,,1,2,"2.     At night the Brownings often enjoyed

a.     hot chestnuts
b.     a tart with clotted cream
c.      strawberries and cream
d.     café au lait
e.     cheese soufflé",,,,,,,,a,1,4.411005,0,1,1,1,1,a,,,,,,,,,,,,,,,,,,,,,,,,,,,,,,,,,,,,,,,,,,,,,,,,,,,,,,,,,,,,,,,,,,,,,,,,
,,,,,,,,,M061893,2020-07-27_15h18.33.624,Feng_Mindwandering_Set2,2020.1.3,Win32,60,,,,,,,,,1,3,"3.     The Brownings saw

a.     Coleridge
b.     Byron
c.     Walt Whitman
d.     Poe
e.     Hawthorne",,,,,,,,e,1,7.151305,0,2,2,2,1,e,,,,,,,,,,,,,,,,,,,,,,,,,,,,,,,,,,,,,,,,,,,,,,,,,,,,,,,,,,,,,,,,,,,,,,,,
,,,,,,,,,M061893,2020-07-27_15h18.33.624,Feng_Mindwandering_Set2,2020.1.3,Win32,60,,,,,,,,,1,4,"4.     Browning wrote to Miss Barrett because she had

a.     invited him to visit
b.     written him for advice
c.     praised his poetry
d.     sent him one of her own poems
e.     sent a friend to meet him",,,,,,,,c,1,13.227175,0,3,3,3,1,c,,,,,,,,,,,,,,,,,,,,,,,,,,,,,,,,,,,,,,,,,,,,,,,,,,,,,,,,,,,,,,,,,,,,,,,,
,,,,,,,,,M061893,2020-07-27_15h18.33.624,Feng_Mindwandering_Set2,2020.1.3,Win32,60,,,,,,,,,1,5,"5.     The authors of this passage placed most attention on the Brownings’

a.     literary efforts
b.     personal relationship
c.     social contacts
d.     problems
e.     early meeting",,,,,,,,b,1,14.29067,0,4,4,4,1,b,,,,,,,,,,,,,,,,,,,,,,,,,,,,,,,,,,,,,,,,,,,,,,,,,,,,,,,,,,,,,,,,,,,,,,,,
,,,,,,,,,M061893,2020-07-27_15h18.33.624,Feng_Mindwandering_Set2,2020.1.3,Win32,60,,,,,,,,,1,6,"6.     What best describes the Brownings’ early days abroad?

a.     Travel
b.     Relaxation
c.     Creative activity
d.     Intellectual stimulation
e.     Happiness",,,,,,,,e,1,9.58135,0,5,5,5,1,e,,,,,,,,,,,,,,,,,,,,,,,,,,,,,,,,,,,,,,,,,,,,,,,,,,,,,,,,,,,,,,,,,,,,,,,,
,,,,,,,,,M061893,2020-07-27_15h18.33.624,Feng_Mindwandering_Set2,2020.1.3,Win32,60,,,,,,,,,1,7,"7.     You would assume that Browning

a.     found it easy to see Elizabeth
b.     carefully avoided Mr. Barrett
c.     begged Mr. Barrett’s consent to marry
d.     understood Mr. Barrett
e.     got Elizabeth to ask her father’s consent",,,,,,,,e,0,12.97453,0,6,6,6,1,b,,,,,,,,,,,,,,,,,,,,,,,,,,,,,,,,,,,,,,,,,,,,,,,,,,,,,,,,,,,,,,,,,,,,,,,,
,,,,,,,,,M061893,2020-07-27_15h18.33.624,Feng_Mindwandering_Set2,2020.1.3,Win32,60,,,,,,,,,1,8,"8.     In the “torrent on a straw” quotation, the word straw probably refers to

a.     the frailty of life
b.     weakness of character
c.     sorrow
d.     happiness
e.     the fleeting nature of fame",,,,,,,,a,1,12.290585,0,7,7,7,1,a,,,,,,,,,,,,,,,,,,,,,,,,,,,,,,,,,,,,,,,,,,,,,,,,,,,,,,,,,,,,,,,,,,,,,,,,
,,,,,,,,,M061893,2020-07-27_15h18.33.624,Feng_Mindwandering_Set2,2020.1.3,Win32,60,space,2.17942,,,,,,,2,0,Passage 2,0,Diff,1,2,,,,,,,,,,,,,0,0,0,0,1,,,,,,,,,,,,,,,,,,,,,,,,,,,,,,,,,,,,,,,,,,,,,,,,,,,,,,,,,,,,,,,,,,,
,,,,,,,,,M061893,2020-07-27_15h18.33.624,Feng_Mindwandering_Set2,2020.1.3,Win32,60,space,7.356305,,,,,,,2,1,The performance of those business activities that direct the flow of goods and services from producer to consumer or user is called marketing. ,0,Diff,1,2,,,,,,,,,,,,,0,1,1,1,1,,,,,,,,,,,,,,,,,,,,,,,,,,,,,,,,,,,,,,,,,,,,,,,,,,,,,,,,,,,,,,,,,,,
,,,,,,,,,M061893,2020-07-27_15h18.33.624,Feng_Mindwandering_Set2,2020.1.3,Win32,60,space,3.572315,,,,,,,2,2,Marketing is the connecting link between the producer and the consumer or user.,0,Diff,1,2,,,,,,,,,,,,,0,2,2,2,1,,,,,,,,,,,,,,,,,,,,,,,,,,,,,,,,,,,,,,,,,,,,,,,,,,,,,,,,,,,,,,,,,,,
,,,,,,,,,M061893,2020-07-27_15h18.33.624,Feng_Mindwandering_Set2,2020.1.3,Win32,60,space,3.11278,,,,,,,2,3,Production and consumption are brought together by the marketing system.,0,Diff,1,2,,,,,,,,,,,,,0,3,3,3,1,,,,,,,,,,,,,,,,,,,,,,,,,,,,,,,,,,,,,,,,,,,,,,,,,,,,,,,,,,,,,,,,,,,
,,,,,,,,,M061893,2020-07-27_15h18.33.624,Feng_Mindwandering_Set2,2020.1.3,Win32,60,space,8.762225,,,,,,,2,4,Wholesaling or retailing activities are directly engaged in by approximately one in every six gainfully employed persons.,0,Diff,1,2,,,,,,,,,,,,,0,4,4,4,1,,,,,,,,,,,,,,,,,,,,,,,,,,,,,,,,,,,,,,,,,,,,,,,,,,,,,,,,,,,,,,,,,,,
,,,,,,,,,M061893,2020-07-27_15h18.33.624,Feng_Mindwandering_Set2,2020.1.3,Win32,60,space,6.84839,,,,,,,2,5,"This ratio does not take into account other persons who are serving marketing through transportation, communication, and office vocations.",0,Diff,1,2,,,,,,,,,,,,,0,5,5,5,1,,,,,,,,,,,,,,,,,,,,,,,,,,,,,,,,,,,,,,,,,,,,,,,,,,,,,,,,,,,,,,,,,,,
,,,,,,,,,M061893,2020-07-27_15h18.33.624,Feng_Mindwandering_Set2,2020.1.3,Win32,60,space,5.28016,,,,,,,2,6,Opportunities for many kinds of positions requiring a wide range of skills and abilities is provided by marketing.,0,Diff,1,2,,,,,,,,,,,,,0,6,6,6,1,,,,,,,,,,,,,,,,,,,,,,,,,,,,,,,,,,,,,,,,,,,,,,,,,,,,,,,,,,,,,,,,,,,
,,,,,,,,,M061893,2020-07-27_15h18.33.624,Feng_Mindwandering_Set2,2020.1.3,Win32,60,space,9.1315,,,,,,,2,7,"Although one naturally thinks of merchandising as being the primary occupation in marketing, there are opportunities in management, advertising, market and product research, and purchasing.",0,Diff,1,2,,,,,,,,,,,,,0,7,7,7,1,,,,,,,,,,,,,,,,,,,,,,,,,,,,,,,,,,,,,,,,,,,,,,,,,,,,,,,,,,,,,,,,,,,
,,,,,,,,,M061893,2020-07-27_15h18.33.624,Feng_Mindwandering_Set2,2020.1.3,Win32,60,space,6.325925,n,,,,,,2,8,"The economic well-being of one’s country is determined largely by productivity, consumption, and employment. ",1,Diff,1,2,1.45373,,,,,,,,,,,,0,8,8,8,1,,,,,,,,,,,,,,,,,,,,,,,,,,,,,,,,,,,,,,,,,,,,,,,,,,,,,,,,,,,,,,,,,,,
,,,,,,,,,M061893,2020-07-27_15h18.33.624,Feng_Mindwandering_Set2,2020.1.3,Win32,60,space,3.040345,,,,,,,2,9,All three are affected by the efficiency of the marketing process.,0,Diff,1,2,,,,,,,,,,,,,0,9,9,9,1,,,,,,,,,,,,,,,,,,,,,,,,,,,,,,,,,,,,,,,,,,,,,,,,,,,,,,,,,,,,,,,,,,,
,,,,,,,,,M061893,2020-07-27_15h18.33.624,Feng_Mindwandering_Set2,2020.1.3,Win32,60,space,4.550825,,,,,,,2,10,"If marketing stimulates appetite, people will consume goods at a high rate.",0,Diff,1,2,,,,,,,,,,,,,0,10,10,10,1,,,,,,,,,,,,,,,,,,,,,,,,,,,,,,,,,,,,,,,,,,,,,,,,,,,,,,,,,,,,,,,,,,,
,,,,,,,,,M061893,2020-07-27_15h18.33.624,Feng_Mindwandering_Set2,2020.1.3,Win32,60,space,7.475225,y,,,,,,2,11,"High consumption requires high productivity to meet the requirements of people, and high productivity and high-level activity in marketing combined result in high employment.",1,Diff,1,2,1.10388,,,,,,,,,,,,0,11,11,11,1,,,,,,,,,,,,,,,,,,,,,,,,,,,,,,,,,,,,,,,,,,,,,,,,,,,,,,,,,,,,,,,,,,,
,,,,,,,,,M061893,2020-07-27_15h18.33.624,Feng_Mindwandering_Set2,2020.1.3,Win32,60,space,4.45662,,,,,,,2,12,"Indirectly, marketing is a key to a high level of economic living for the people.",0,Diff,1,2,,,,,,,,,,,,,0,12,12,12,1,,,,,,,,,,,,,,,,,,,,,,,,,,,,,,,,,,,,,,,,,,,,,,,,,,,,,,,,,,,,,,,,,,,
,,,,,,,,,M061893,2020-07-27_15h18.33.624,Feng_Mindwandering_Set2,2020.1.3,Win32,60,,,,,,,,,2,1,"1.     Our economic well-being is determined largely by how many factors?

a.     One
b.     Two
c.     Three
d.     Four
e.     Five",,,,,,space,8.684665,c,1,4.883465,,,,,,c,,,,,,0,0,0,0,1,,,,,,,,,,,,,,,,,,,,,,,,,,,,,,,,,,,,,,,,,,,,,,,,,,,,,,,,,,,,,,
,,,,,,,,,M061893,2020-07-27_15h18.33.624,Feng_Mindwandering_Set2,2020.1.3,Win32,60,,,,,,,,,2,2,"2.     One major factor mentioned as affecting our economic well-being was

a.     high wages
b.     low interest rates
c.     technology
d.     employment
e.     foreign trade",,,,,,,,d,1,6.7462,,,,,,d,,,,,,0,1,1,1,1,,,,,,,,,,,,,,,,,,,,,,,,,,,,,,,,,,,,,,,,,,,,,,,,,,,,,,,,,,,,,,
,,,,,,,,,M061893,2020-07-27_15h18.33.624,Feng_Mindwandering_Set2,2020.1.3,Win32,60,,,,,,,,,2,3,"3.     The purpose of this passage is to

a.     persuade
b.     guide
c.     evaluate
d.     inform
e.     Interest",,,,,,,,d,1,6.262075,,,,,,d,,,,,,0,2,2,2,1,,,,,,,,,,,,,,,,,,,,,,,,,,,,,,,,,,,,,,,,,,,,,,,,,,,,,,,,,,,,,,
,,,,,,,,,M061893,2020-07-27_15h18.33.624,Feng_Mindwandering_Set2,2020.1.3,Win32,60,,,,,,,,,2,4,"4.     The chief emphasis is on

a.     defining marketing
b.     principles of marketing
c.     opportunities in marketing
d.     kinds of jobs in marketing
e.     the economic significance of marketing",,,,,,,,a,0,11.11729,,,,,,e,,,,,,0,3,3,3,1,,,,,,,,,,,,,,,,,,,,,,,,,,,,,,,,,,,,,,,,,,,,,,,,,,,,,,,,,,,,,,
,,,,,,,,,M061893,2020-07-27_15h18.33.624,Feng_Mindwandering_Set2,2020.1.3,Win32,60,space,1.235165,,,,,,,3,0,Passage 3,0,Easy,2,2,,,,,,,,,,,,,,,,,,,,,,,0,0,0,0,1,,,,,,,,,,,,,,,,,,,,,,,,,,,,,,,,,,,,,,,,,,,,,,,,,,,,,,,,,
,,,,,,,,,M061893,2020-07-27_15h18.33.624,Feng_Mindwandering_Set2,2020.1.3,Win32,60,space,3.51254,,,,,,,3,1,The nucleus of an atom is held together by a kind of energy called atomic energy.,0,Easy,2,2,,,,,,,,,,,,,,,,,,,,,,,0,1,1,1,1,,,,,,,,,,,,,,,,,,,,,,,,,,,,,,,,,,,,,,,,,,,,,,,,,,,,,,,,,
,,,,,,,,,M061893,2020-07-27_15h18.33.624,Feng_Mindwandering_Set2,2020.1.3,Win32,60,space,2.651025,,,,,,,3,2,The sun’s energy comes from atomic reactions.,0,Easy,2,2,,,,,,,,,,,,,,,,,,,,,,,0,2,2,2,1,,,,,,,,,,,,,,,,,,,,,,,,,,,,,,,,,,,,,,,,,,,,,,,,,,,,,,,,,
,,,,,,,,,M061893,2020-07-27_15h18.33.624,Feng_Mindwandering_Set2,2020.1.3,Win32,60,space,4.50103,,,,,,,3,3,These reactions occur when the nuclei of hydrogen build up the nuclei of helium.,0,Easy,2,2,,,,,,,,,,,,,,,,,,,,,,,0,3,3,3,1,,,,,,,,,,,,,,,,,,,,,,,,,,,,,,,,,,,,,,,,,,,,,,,,,,,,,,,,,
,,,,,,,,,M061893,2020-07-27_15h18.33.624,Feng_Mindwandering_Set2,2020.1.3,Win32,60,space,9.5229,,,,,,,3,4,"An atomic nucleus is made of particles, but the mass of the atomic nucleus is less than the total mass of the particles.",0,Easy,2,2,,,,,,,,,,,,,,,,,,,,,,,0,4,4,4,1,,,,,,,,,,,,,,,,,,,,,,,,,,,,,,,,,,,,,,,,,,,,,,,,,,,,,,,,,
,,,,,,,,,M061893,2020-07-27_15h18.33.624,Feng_Mindwandering_Set2,2020.1.3,Win32,60,space,4.769785,,,,,,,3,5,The reason for this is that part of the mass of particles is changed into energy when a nucleus is formed.,0,Easy,2,2,,,,,,,,,,,,,,,,,,,,,,,0,5,5,5,1,,,,,,,,,,,,,,,,,,,,,,,,,,,,,,,,,,,,,,,,,,,,,,,,,,,,,,,,,
,,,,,,,,,M061893,2020-07-27_15h18.33.624,Feng_Mindwandering_Set2,2020.1.3,Win32,60,space,1.893345,,,,,,,3,6,This energy then radiates away.,0,Easy,2,2,,,,,,,,,,,,,,,,,,,,,,,0,6,6,6,1,,,,,,,,,,,,,,,,,,,,,,,,,,,,,,,,,,,,,,,,,,,,,,,,,,,,,,,,,
,,,,,,,,,M061893,2020-07-27_15h18.33.624,Feng_Mindwandering_Set2,2020.1.3,Win32,60,space,7.92591,y,,,,,,3,7,The quantity of energy released in reactions of this kind is almost inconceivably greater than the quantity released by any other type of reaction involving similar quantities of material.,1,Easy,2,2,1.445365,,,,,,,,,,,,,,,,,,,,,,0,7,7,7,1,,,,,,,,,,,,,,,,,,,,,,,,,,,,,,,,,,,,,,,,,,,,,,,,,,,,,,,,,
,,,,,,,,,M061893,2020-07-27_15h18.33.624,Feng_Mindwandering_Set2,2020.1.3,Win32,60,space,8.41183,,,,,,,3,8,"Every second, the sun sends a million times more energy into space than we have stored in all of our coal, petroleum, and natural gas fields.",0,Easy,2,2,,,,,,,,,,,,,,,,,,,,,,,0,8,8,8,1,,,,,,,,,,,,,,,,,,,,,,,,,,,,,,,,,,,,,,,,,,,,,,,,,,,,,,,,,
,,,,,,,,,M061893,2020-07-27_15h18.33.624,Feng_Mindwandering_Set2,2020.1.3,Win32,60,space,5.228925,,,,,,,3,9,We could revolutionize the world if we could duplicate the method that releases such energy.,0,Easy,2,2,,,,,,,,,,,,,,,,,,,,,,,0,9,9,9,1,,,,,,,,,,,,,,,,,,,,,,,,,,,,,,,,,,,,,,,,,,,,,,,,,,,,,,,,,
,,,,,,,,,M061893,2020-07-27_15h18.33.624,Feng_Mindwandering_Set2,2020.1.3,Win32,60,space,4.516315,,,,,,,3,10,"This possibility is not a fantasy, just as it was not a fantasy to imagine developing an atom bomb in 1900.",0,Easy,2,2,,,,,,,,,,,,,,,,,,,,,,,0,10,10,10,1,,,,,,,,,,,,,,,,,,,,,,,,,,,,,,,,,,,,,,,,,,,,,,,,,,,,,,,,,
,,,,,,,,,M061893,2020-07-27_15h18.33.624,Feng_Mindwandering_Set2,2020.1.3,Win32,60,space,11.125935,n,,,,,,3,11,The time may come when the hydrogen from a cubic mile of sea water will provide enough energy to satisfy our needs at the 1960 rate for 300 centuries.,1,Easy,2,2,1.147055,,,,,,,,,,,,,,,,,,,,,,0,11,11,11,1,,,,,,,,,,,,,,,,,,,,,,,,,,,,,,,,,,,,,,,,,,,,,,,,,,,,,,,,,
,,,,,,,,,M061893,2020-07-27_15h18.33.624,Feng_Mindwandering_Set2,2020.1.3,Win32,60,,,,,,,,,3,1,"1.     How much sea water was mentioned?

a.     One ton
b.     A cubic acre
c.     A cubic mile
d.     A thousand gallons
e.     A hundred tons",,,,,,space,1.611845,c,1,5.26688,,,,,,c,,,,,,,,,,,,,,,,0,0,0,0,1,,,,,,,,,,,,,,,,,,,,,,,,,,,,,,,,,,,,,,,,,,,,,,,,,,,,
,,,,,,,,,M061893,2020-07-27_15h18.33.624,Feng_Mindwandering_Set2,2020.1.3,Win32,60,,,,,,,,,3,2,"2.     The quantity of energy released in an atomic reaction is spoken of as how much greater than with other types of reactions?

a.     Far greater
b.     Unbelievably greater
c.     A thousand times greater
d.     Inconceivably greater
e.     Tremendously greater",,,,,,,,d,1,14.623155,,,,,,d,,,,,,,,,,,,,,,,0,1,1,1,1,,,,,,,,,,,,,,,,,,,,,,,,,,,,,,,,,,,,,,,,,,,,,,,,,,,,
,,,,,,,,,M061893,2020-07-27_15h18.33.624,Feng_Mindwandering_Set2,2020.1.3,Win32,60,,,,,,,,,3,3,"3.     The primary focus is on

a.     how energy is released
b.     where energy is found
c.     the energy from atomic reactions
d.     what happens in an atomic reaction
e.     the energy present in sunshine",,,,,,,,b,0,17.32688,,,,,,c,,,,,,,,,,,,,,,,0,2,2,2,1,,,,,,,,,,,,,,,,,,,,,,,,,,,,,,,,,,,,,,,,,,,,,,,,,,,,
,,,,,,,,,M061893,2020-07-27_15h18.33.624,Feng_Mindwandering_Set2,2020.1.3,Win32,60,,,,,,,,,3,4,"4.     This passage is best described as

a.     objective
b.     skeptical
c.     cautious
d.     conservative
e.     optimistic",,,,,,,,a,0,9.42656,,,,,,e,,,,,,,,,,,,,,,,0,3,3,3,1,,,,,,,,,,,,,,,,,,,,,,,,,,,,,,,,,,,,,,,,,,,,,,,,,,,,
,,,,,,,,,M061893,2020-07-27_15h18.33.624,Feng_Mindwandering_Set2,2020.1.3,Win32,60,space,1.36963,,,,,,,4,0,Passage 4,0,Diff,1,2,,,,,,,,,,,,,,,,,,,,,,,,,,,,,,,,,0,0,0,0,1,,,,,,,,,,,,,,,,,,,,,,,,,,,,,,,,,,,,,,,,,,,,,,,
,,,,,,,,,M061893,2020-07-27_15h18.33.624,Feng_Mindwandering_Set2,2020.1.3,Win32,60,space,7.494,,,,,,,4,1,"Even most skeptics, because they seem to share the hope that there is life on Mars, endeavor slavishly not to discount the possibility.",0,Diff,1,2,,,,,,,,,,,,,,,,,,,,,,,,,,,,,,,,,0,1,1,1,1,,,,,,,,,,,,,,,,,,,,,,,,,,,,,,,,,,,,,,,,,,,,,,,
,,,,,,,,,M061893,2020-07-27_15h18.33.624,Feng_Mindwandering_Set2,2020.1.3,Win32,60,space,6.12962,,,,,,,4,2,But it was a comedown in the mid-1960’s when scientists involved in the Mars exploration studied photographs taken by some of the early Mariner space flights.,0,Diff,1,2,,,,,,,,,,,,,,,,,,,,,,,,,,,,,,,,,0,2,2,2,1,,,,,,,,,,,,,,,,,,,,,,,,,,,,,,,,,,,,,,,,,,,,,,,
,,,,,,,,,M061893,2020-07-27_15h18.33.624,Feng_Mindwandering_Set2,2020.1.3,Win32,60,space,2.12681,,,,,,,4,3,No canals.,0,Diff,1,2,,,,,,,,,,,,,,,,,,,,,,,,,,,,,,,,,0,3,3,3,1,,,,,,,,,,,,,,,,,,,,,,,,,,,,,,,,,,,,,,,,,,,,,,,
,,,,,,,,,M061893,2020-07-27_15h18.33.624,Feng_Mindwandering_Set2,2020.1.3,Win32,60,space,0.822845,,,,,,,4,4,No seas.,0,Diff,1,2,,,,,,,,,,,,,,,,,,,,,,,,,,,,,,,,,0,4,4,4,1,,,,,,,,,,,,,,,,,,,,,,,,,,,,,,,,,,,,,,,,,,,,,,,
,,,,,,,,,M061893,2020-07-27_15h18.33.624,Feng_Mindwandering_Set2,2020.1.3,Win32,60,space,2.7482,,,,,,,4,5,No busy Martian engineers.,0,Diff,1,2,,,,,,,,,,,,,,,,,,,,,,,,,,,,,,,,,0,5,5,5,1,,,,,,,,,,,,,,,,,,,,,,,,,,,,,,,,,,,,,,,,,,,,,,,
,,,,,,,,,M061893,2020-07-27_15h18.33.624,Feng_Mindwandering_Set2,2020.1.3,Win32,60,space,6.28317,,,,,,,4,6,No menacing warmongering Martians as colossal as skyscrapers.,0,Diff,1,2,,,,,,,,,,,,,,,,,,,,,,,,,,,,,,,,,0,6,6,6,1,,,,,,,,,,,,,,,,,,,,,,,,,,,,,,,,,,,,,,,,,,,,,,,
,,,,,,,,,M061893,2020-07-27_15h18.33.624,Feng_Mindwandering_Set2,2020.1.3,Win32,60,space,2.32055,,,,,,,4,7,"Just mountains, craters, frigid winds, and dust storms.",0,Diff,1,2,,,,,,,,,,,,,,,,,,,,,,,,,,,,,,,,,0,7,7,7,1,,,,,,,,,,,,,,,,,,,,,,,,,,,,,,,,,,,,,,,,,,,,,,,
,,,,,,,,,M061893,2020-07-27_15h18.33.624,Feng_Mindwandering_Set2,2020.1.3,Win32,60,space,5.751725,n,,,,,,4,8,It was almost as if scouts for Columbus had returned to Isabella’s court with the news that the world had turned out to be flat after all.,1,Diff,1,2,1.283285,,,,,,,,,,,,,,,,,,,,,,,,,,,,,,,,0,8,8,8,1,,,,,,,,,,,,,,,,,,,,,,,,,,,,,,,,,,,,,,,,,,,,,,,
,,,,,,,,,M061893,2020-07-27_15h18.33.624,Feng_Mindwandering_Set2,2020.1.3,Win32,60,space,7.57339,n,,,,,,4,9,"Hopeful astronomers reminded us that the Mariner IV had photographed a mere one percent of the Martian surface from 2,000 miles away.",1,Diff,1,2,0.96432,,,,,,,,,,,,,,,,,,,,,,,,,,,,,,,,0,9,9,9,1,,,,,,,,,,,,,,,,,,,,,,,,,,,,,,,,,,,,,,,,,,,,,,,
,,,,,,,,,M061893,2020-07-27_15h18.33.624,Feng_Mindwandering_Set2,2020.1.3,Win32,60,space,7.80304,y,,,,,,4,10,"And they pointed out that the Earth-orbiting Tiros weather satellite shot over 20,000 pictures before uncovering any evidence of life on Earth.",1,Diff,1,2,2.032915,,,,,,,,,,,,,,,,,,,,,,,,,,,,,,,,0,10,10,10,1,,,,,,,,,,,,,,,,,,,,,,,,,,,,,,,,,,,,,,,,,,,,,,,
,,,,,,,,,M061893,2020-07-27_15h18.33.624,Feng_Mindwandering_Set2,2020.1.3,Win32,60,space,2.57893,n,,,,,,4,11,"But still, public enthusiasm for Martian exploration wilted.",1,Diff,1,2,1.457245,,,,,,,,,,,,,,,,,,,,,,,,,,,,,,,,0,11,11,11,1,,,,,,,,,,,,,,,,,,,,,,,,,,,,,,,,,,,,,,,,,,,,,,,
,,,,,,,,,M061893,2020-07-27_15h18.33.624,Feng_Mindwandering_Set2,2020.1.3,Win32,60,space,7.94776,,,,,,,4,12,"By the time Viking I touched down on the Plain of Chryse in August, few seemed to care at all.",0,Diff,1,2,,,,,,,,,,,,,,,,,,,,,,,,,,,,,,,,,0,12,12,12,1,,,,,,,,,,,,,,,,,,,,,,,,,,,,,,,,,,,,,,,,,,,,,,,
,,,,,,,,,M061893,2020-07-27_15h18.33.624,Feng_Mindwandering_Set2,2020.1.3,Win32,60,space,10.324435,,,,,,,4,13,"J. Richard Keefe, one of the Viking scientists, declared himself “disgusted” at what he called the “blasé…apathetic” public response and the skimpy television coverage of what was certainly one of the magnificent scientific and technical accomplishments in human history.",0,Diff,1,2,,,,,,,,,,,,,,,,,,,,,,,,,,,,,,,,,0,13,13,13,1,,,,,,,,,,,,,,,,,,,,,,,,,,,,,,,,,,,,,,,,,,,,,,,
,,,,,,,,,M061893,2020-07-27_15h18.33.624,Feng_Mindwandering_Set2,2020.1.3,Win32,60,,,,,,,,,4,1,"1.     One weather satellite was named

a.     Latos
b.     Tiros
c.     Prometheus
d.     Sonar
e.     Satelos",,,,,,space,1.18119,d,0,9.61301,,,,,,b,,,,,,,,,,,,,,,,,,,,,,,,,,0,0,0,0,1,,,,,,,,,,,,,,,,,,,,,,,,,,,,,,,,,,,,,,,,,,
,,,,,,,,,M061893,2020-07-27_15h18.33.624,Feng_Mindwandering_Set2,2020.1.3,Win32,60,,,,,,,,,4,2,"2.     One of the Mariners photographed how much of the surface of Mars?

a.     One percent
b.     Two percent
c.     Three percent
d.     Four percent
e.     Five percent",,,,,,,,a,1,5.14254,,,,,,a,,,,,,,,,,,,,,,,,,,,,,,,,,0,1,1,1,1,,,,,,,,,,,,,,,,,,,,,,,,,,,,,,,,,,,,,,,,,,
,,,,,,,,,M061893,2020-07-27_15h18.33.624,Feng_Mindwandering_Set2,2020.1.3,Win32,60,,,,,,,,,4,3,"3.     Interest in Mars diminished largely because

a.     no Martians were found
b.     the TV coverage was poor
c.     the photos were all black and white
d.     nothing was brought back to earth
e.     the media did not appreciate the accomplishment",,,,,,,,e,0,18.99251,,,,,,a,,,,,,,,,,,,,,,,,,,,,,,,,,0,2,2,2,1,,,,,,,,,,,,,,,,,,,,,,,,,,,,,,,,,,,,,,,,,,
,,,,,,,,,M061893,2020-07-27_15h18.33.624,Feng_Mindwandering_Set2,2020.1.3,Win32,60,,,,,,,,,4,4,"4.     Mention of the flat world was used to point out

a.     the flatness of Mars
b.     the lack of canals
c.     the lack of seas
d.     the lack of Martians
e.     the lack of mountains",,,,,,,,a,0,12.31104,,,,,,d,,,,,,,,,,,,,,,,,,,,,,,,,,0,3,3,3,1,,,,,,,,,,,,,,,,,,,,,,,,,,,,,,,,,,,,,,,,,,
,,,,,,,,,M061893,2020-07-27_15h18.33.624,Feng_Mindwandering_Set2,2020.1.3,Win32,60,space,0.969855,,,,,,,5,0,Passage 5,0,Easy,2,2,,,,,,,,,,,,,,,,,,,,,,,,,,,,,,,,,,,,,,,,,,,0,0,0,0,1,,,,,,,,,,,,,,,,,,,,,,,,,,,,,,,,,,,,,
,,,,,,,,,M061893,2020-07-27_15h18.33.624,Feng_Mindwandering_Set2,2020.1.3,Win32,60,space,4.19873,,,,,,,5,1,"Fungi give cheese the flavor, odor, and character that gourmets so highly prize.",0,Easy,2,2,,,,,,,,,,,,,,,,,,,,,,,,,,,,,,,,,,,,,,,,,,,0,1,1,1,1,,,,,,,,,,,,,,,,,,,,,,,,,,,,,,,,,,,,,
,,,,,,,,,M061893,2020-07-27_15h18.33.624,Feng_Mindwandering_Set2,2020.1.3,Win32,60,space,4.565795,,,,,,,5,2,One of the first molds was found in caves near the French village of Roquefort.,0,Easy,2,2,,,,,,,,,,,,,,,,,,,,,,,,,,,,,,,,,,,,,,,,,,,0,2,2,2,1,,,,,,,,,,,,,,,,,,,,,,,,,,,,,,,,,,,,,
,,,,,,,,,M061893,2020-07-27_15h18.33.624,Feng_Mindwandering_Set2,2020.1.3,Win32,60,space,7.188785,,,,,,,5,3,"According to legend, a peasant boy left his lunch, which was a mild fresh piece of goat cheese, in one of the caves.",0,Easy,2,2,,,,,,,,,,,,,,,,,,,,,,,,,,,,,,,,,,,,,,,,,,,0,3,3,3,1,,,,,,,,,,,,,,,,,,,,,,,,,,,,,,,,,,,,,
,,,,,,,,,M061893,2020-07-27_15h18.33.624,Feng_Mindwandering_Set2,2020.1.3,Win32,60,space,1.8932,,,,,,,5,4,"When he returned, he found the cheese marbled, tart, and fragrant.",0,Easy,2,2,,,,,,,,,,,,,,,,,,,,,,,,,,,,,,,,,,,,,,,,,,,0,4,4,4,1,,,,,,,,,,,,,,,,,,,,,,,,,,,,,,,,,,,,,
,,,,,,,,,M061893,2020-07-27_15h18.33.624,Feng_Mindwandering_Set2,2020.1.3,Win32,60,space,4.515785,,,,,,,5,5,Only cheeses that come from the area around these particular caves are allowed to bear the name of Roquefort.,0,Easy,2,2,,,,,,,,,,,,,,,,,,,,,,,,,,,,,,,,,,,,,,,,,,,0,5,5,5,1,,,,,,,,,,,,,,,,,,,,,,,,,,,,,,,,,,,,,
,,,,,,,,,M061893,2020-07-27_15h18.33.624,Feng_Mindwandering_Set2,2020.1.3,Win32,60,space,5.018275,n,,,,,,5,6,"As early as the seventeenth century, ergot, the fungus of rye, was used to facilitate childbirth.",1,Easy,2,2,1.97195,,,,,,,,,,,,,,,,,,,,,,,,,,,,,,,,,,,,,,,,,,0,6,6,6,1,,,,,,,,,,,,,,,,,,,,,,,,,,,,,,,,,,,,,
,,,,,,,,,M061893,2020-07-27_15h18.33.624,Feng_Mindwandering_Set2,2020.1.3,Win32,60,space,3.718865,,,,,,,5,7,"It causes the contraction of involuntary muscles, particularly in the uterus.",0,Easy,2,2,,,,,,,,,,,,,,,,,,,,,,,,,,,,,,,,,,,,,,,,,,,0,7,7,7,1,,,,,,,,,,,,,,,,,,,,,,,,,,,,,,,,,,,,,
,,,,,,,,,M061893,2020-07-27_15h18.33.624,Feng_Mindwandering_Set2,2020.1.3,Win32,60,space,9.40839,y,,,,,,5,8,"In the twentieth century, ergot has once more attracted interest as the source of the chemical from which the hallucinogenic drug LSD is derived.",1,Easy,2,2,1.03506,,,,,,,,,,,,,,,,,,,,,,,,,,,,,,,,,,,,,,,,,,0,8,8,8,1,,,,,,,,,,,,,,,,,,,,,,,,,,,,,,,,,,,,,
,,,,,,,,,M061893,2020-07-27_15h18.33.624,Feng_Mindwandering_Set2,2020.1.3,Win32,60,space,2.23899,,,,,,,5,9,Most modern antibiotics are produced by fungi.,0,Easy,2,2,,,,,,,,,,,,,,,,,,,,,,,,,,,,,,,,,,,,,,,,,,,0,9,9,9,1,,,,,,,,,,,,,,,,,,,,,,,,,,,,,,,,,,,,,
,,,,,,,,,M061893,2020-07-27_15h18.33.624,Feng_Mindwandering_Set2,2020.1.3,Win32,60,space,2.387575,,,,,,,5,10,Alexander Fleming discovered the first of these antibiotics.,0,Easy,2,2,,,,,,,,,,,,,,,,,,,,,,,,,,,,,,,,,,,,,,,,,,,0,10,10,10,1,,,,,,,,,,,,,,,,,,,,,,,,,,,,,,,,,,,,,
,,,,,,,,,M061893,2020-07-27_15h18.33.624,Feng_Mindwandering_Set2,2020.1.3,Win32,60,space,5.72116,,,,,,,5,11,A mold of the genus Penicillium had contaminated a culture of staphylococcus bacteria that was growing on a nutrient agar plate.,0,Easy,2,2,,,,,,,,,,,,,,,,,,,,,,,,,,,,,,,,,,,,,,,,,,,0,11,11,11,1,,,,,,,,,,,,,,,,,,,,,,,,,,,,,,,,,,,,,
,,,,,,,,,M061893,2020-07-27_15h18.33.624,Feng_Mindwandering_Set2,2020.1.3,Win32,60,space,3.30883,,,,,,,5,12,Alexander noted that the mold completely halted the growth of the bacteria.,0,Easy,2,2,,,,,,,,,,,,,,,,,,,,,,,,,,,,,,,,,,,,,,,,,,,0,12,12,12,1,,,,,,,,,,,,,,,,,,,,,,,,,,,,,,,,,,,,,
,,,,,,,,,M061893,2020-07-27_15h18.33.624,Feng_Mindwandering_Set2,2020.1.3,Win32,60,space,7.77675,n,,,,,,5,13,"Antibiotics, of which many hundreds have now been discovered, are substances produced by a living organism that injure another living organism.",1,Easy,2,2,1.155365,,,,,,,,,,,,,,,,,,,,,,,,,,,,,,,,,,,,,,,,,,0,13,13,13,1,,,,,,,,,,,,,,,,,,,,,,,,,,,,,,,,,,,,,
,,,,,,,,,M061893,2020-07-27_15h18.33.624,Feng_Mindwandering_Set2,2020.1.3,Win32,60,space,8.20079,,,,,,,5,14,All of these are substances produced by one living organism that injures another living organism.,0,Easy,2,2,,,,,,,,,,,,,,,,,,,,,,,,,,,,,,,,,,,,,,,,,,,0,14,14,14,1,,,,,,,,,,,,,,,,,,,,,,,,,,,,,,,,,,,,,
,,,,,,,,,M061893,2020-07-27_15h18.33.624,Feng_Mindwandering_Set2,2020.1.3,Win32,60,,,,,,,,,5,1,"1.     A fungus was used as medicine as early as what century?

a.     Sixteenth
b.     Seventeenth
c.     Eighteenth
d.     Nineteenth
e.     Twentieth",,,,,,space,0.94141,c,0,7.94162,,,,,,b,,,,,,,,,,,,,,,,,,,,,,,,,,,,,,,,,,,,0,0,0,0,1,,,,,,,,,,,,,,,,,,,,,,,,,,,,,,,,
,,,,,,,,,M061893,2020-07-27_15h18.33.624,Feng_Mindwandering_Set2,2020.1.3,Win32,60,,,,,,,,,5,2,"2.     How many antibiotics have been discovered?

a.     Ninety-six
b.     Many hundreds
c.     Thousands
d.     Millions
e.     An unspecified number",,,,,,,,c,0,10.36679,,,,,,b,,,,,,,,,,,,,,,,,,,,,,,,,,,,,,,,,,,,0,1,1,1,1,,,,,,,,,,,,,,,,,,,,,,,,,,,,,,,,
,,,,,,,,,M061893,2020-07-27_15h18.33.624,Feng_Mindwandering_Set2,2020.1.3,Win32,60,,,,,,,,,5,3,"3.     This passage is mainly about

a.     ergot
b.     drugs
c.     fungi
d.     antibiotics
e.     Cheese",,,,,,,,d,0,9.961985,,,,,,c,,,,,,,,,,,,,,,,,,,,,,,,,,,,,,,,,,,,0,2,2,2,1,,,,,,,,,,,,,,,,,,,,,,,,,,,,,,,,
,,,,,,,,,M061893,2020-07-27_15h18.33.624,Feng_Mindwandering_Set2,2020.1.3,Win32,60,,,,,,,,,5,4,"4.     LSD is specifically mentioned to show that ergot

a.     needs to be further controlled
b.     needs further research
c.     has medicinal value
d.     is of current interest
e.     is dangerous",,,,,,,,c,0,12.392945,,,,,,d,,,,,,,,,,,,,,,,,,,,,,,,,,,,,,,,,,,,0,3,3,3,1,,,,,,,,,,,,,,,,,,,,,,,,,,,,,,,,
,,,,,,,,,M061893,2020-07-27_15h18.33.624,Feng_Mindwandering_Set2,2020.1.3,Win32,60,space,0.71815,,,,,,,6,0,Passage 6,0,Diff,1,2,,,,,,,,,,,,,,,,,,,,,,,,,,,,,,,,,,,,,,,,,,,,,,,,,,,,,0,0,0,0,1,,,,,,,,,,,,,,,,,,,,,,,,,,,
,,,,,,,,,M061893,2020-07-27_15h18.33.624,Feng_Mindwandering_Set2,2020.1.3,Win32,60,space,2.258195,n,,,,,,6,1,Local governments were our first governments.,1,Diff,1,2,1.599965,,,,,,,,,,,,,,,,,,,,,,,,,,,,,,,,,,,,,,,,,,,,,,,,,,,,0,1,1,1,1,,,,,,,,,,,,,,,,,,,,,,,,,,,
,,,,,,,,,M061893,2020-07-27_15h18.33.624,Feng_Mindwandering_Set2,2020.1.3,Win32,60,space,6.002305,,,,,,,6,2,The primitive tribe that chose the strongest man to be its chief and the oldest men to form a council was establishing local government.,0,Diff,1,2,,,,,,,,,,,,,,,,,,,,,,,,,,,,,,,,,,,,,,,,,,,,,,,,,,,,,0,2,2,2,1,,,,,,,,,,,,,,,,,,,,,,,,,,,
,,,,,,,,,M061893,2020-07-27_15h18.33.624,Feng_Mindwandering_Set2,2020.1.3,Win32,60,space,1.564755,,,,,,,6,3,"It was seeking a better, safer life.",0,Diff,1,2,,,,,,,,,,,,,,,,,,,,,,,,,,,,,,,,,,,,,,,,,,,,,,,,,,,,,0,3,3,3,1,,,,,,,,,,,,,,,,,,,,,,,,,,,
,,,,,,,,,M061893,2020-07-27_15h18.33.624,Feng_Mindwandering_Set2,2020.1.3,Win32,60,space,6.30864,,,,,,,6,4,"In the same way, the need for rules and leaders was realized by the first English settlers who landed at Jamestown, Virginia, in 1607.",0,Diff,1,2,,,,,,,,,,,,,,,,,,,,,,,,,,,,,,,,,,,,,,,,,,,,,,,,,,,,,0,4,4,4,1,,,,,,,,,,,,,,,,,,,,,,,,,,,
,,,,,,,,,M061893,2020-07-27_15h18.33.624,Feng_Mindwandering_Set2,2020.1.3,Win32,60,space,3.598645,,,,,,,6,5,"At first, the settlers at Jamestown had to shepherd themselves.",0,Diff,1,2,,,,,,,,,,,,,,,,,,,,,,,,,,,,,,,,,,,,,,,,,,,,,,,,,,,,,0,5,5,5,1,,,,,,,,,,,,,,,,,,,,,,,,,,,
,,,,,,,,,M061893,2020-07-27_15h18.33.624,Feng_Mindwandering_Set2,2020.1.3,Win32,60,space,4.41773,,,,,,,6,6,"The colonists searched for gold, and had to find their own sustenance and provide their own sanctuary. ",0,Diff,1,2,,,,,,,,,,,,,,,,,,,,,,,,,,,,,,,,,,,,,,,,,,,,,,,,,,,,,0,6,6,6,1,,,,,,,,,,,,,,,,,,,,,,,,,,,
,,,,,,,,,M061893,2020-07-27_15h18.33.624,Feng_Mindwandering_Set2,2020.1.3,Win32,60,space,8.604305,n,,,,,,6,7,"As food supplies began to run low, and as the colonists faced hunger and disease, they saw that they needed to work together if the colony was to survive.",1,Diff,1,2,1.27022,,,,,,,,,,,,,,,,,,,,,,,,,,,,,,,,,,,,,,,,,,,,,,,,,,,,0,7,7,7,1,,,,,,,,,,,,,,,,,,,,,,,,,,,
,,,,,,,,,M061893,2020-07-27_15h18.33.624,Feng_Mindwandering_Set2,2020.1.3,Win32,60,space,2.690715,,,,,,,6,8,A council to make laws for the colony was formed by the settlers.,0,Diff,1,2,,,,,,,,,,,,,,,,,,,,,,,,,,,,,,,,,,,,,,,,,,,,,,,,,,,,,0,8,8,8,1,,,,,,,,,,,,,,,,,,,,,,,,,,,
,,,,,,,,,M061893,2020-07-27_15h18.33.624,Feng_Mindwandering_Set2,2020.1.3,Win32,60,space,3.610955,,,,,,,6,9,Captain John Smith was chosen as president of the council to see that the laws were implemented.,0,Diff,1,2,,,,,,,,,,,,,,,,,,,,,,,,,,,,,,,,,,,,,,,,,,,,,,,,,,,,,0,9,9,9,1,,,,,,,,,,,,,,,,,,,,,,,,,,,
,,,,,,,,,M061893,2020-07-27_15h18.33.624,Feng_Mindwandering_Set2,2020.1.3,Win32,60,space,4.589035,n,,,,,,6,10,This government at Jamestown was the first local government in America.,1,Diff,1,2,1.299315,,,,,,,,,,,,,,,,,,,,,,,,,,,,,,,,,,,,,,,,,,,,,,,,,,,,0,10,10,10,1,,,,,,,,,,,,,,,,,,,,,,,,,,,
,,,,,,,,,M061893,2020-07-27_15h18.33.624,Feng_Mindwandering_Set2,2020.1.3,Win32,60,space,2.579955,,,,,,,6,11,"Today, local government is still the first and most important government in our lives.",0,Diff,1,2,,,,,,,,,,,,,,,,,,,,,,,,,,,,,,,,,,,,,,,,,,,,,,,,,,,,,0,11,11,11,1,,,,,,,,,,,,,,,,,,,,,,,,,,,
,,,,,,,,,M061893,2020-07-27_15h18.33.624,Feng_Mindwandering_Set2,2020.1.3,Win32,60,space,2.08484,n,,,,,,6,12,"It protects our lives, our safety, and our homes, and it helps to keep our environment clean.",1,Diff,1,2,1.07849,,,,,,,,,,,,,,,,,,,,,,,,,,,,,,,,,,,,,,,,,,,,,,,,,,,,0,12,12,12,1,,,,,,,,,,,,,,,,,,,,,,,,,,,
,,,,,,,,,M061893,2020-07-27_15h18.33.624,Feng_Mindwandering_Set2,2020.1.3,Win32,60,space,2.568005,,,,,,,6,13,"Schools, libraries, and other important services are provided to us by local government.",0,Diff,1,2,,,,,,,,,,,,,,,,,,,,,,,,,,,,,,,,,,,,,,,,,,,,,,,,,,,,,0,13,13,13,1,,,,,,,,,,,,,,,,,,,,,,,,,,,
,,,,,,,,,M061893,2020-07-27_15h18.33.624,Feng_Mindwandering_Set2,2020.1.3,Win32,60,,,,,,,,,6,1,"1.     The first colonial government was
      
a.     tribal
b.     city
c.     county
d.     local
e.     federal",,,,,,space,0.93874,d,1,7.10302,,,,,,d,,,,,,,,,,,,,,,,,,,,,,,,,,,,,,,,,,,,,,,,,,,,,,0,0,0,0,1,,,,,,,,,,,,,,,,,,,,,,
,,,,,,,,,M061893,2020-07-27_15h18.33.624,Feng_Mindwandering_Set2,2020.1.3,Win32,60,,,,,,,,,6,2,"2.     The Jamestown colonists formed a government because of

a.     pride
b.     greed
c.     necessity
d.     togetherness
e.     public spirit",,,,,,,,c,1,11.013645,,,,,,c,,,,,,,,,,,,,,,,,,,,,,,,,,,,,,,,,,,,,,,,,,,,,,0,1,1,1,1,,,,,,,,,,,,,,,,,,,,,,
,,,,,,,,,M061893,2020-07-27_15h18.33.624,Feng_Mindwandering_Set2,2020.1.3,Win32,60,,,,,,,,,6,3,"3.     The best title for this selection would be

a.     John Smith
b.     The First Government
c.     Jamestown
d.     Local Government
e.     American Government",,,,,,,,d,1,10.726,,,,,,d,,,,,,,,,,,,,,,,,,,,,,,,,,,,,,,,,,,,,,,,,,,,,,0,2,2,2,1,,,,,,,,,,,,,,,,,,,,,,
,,,,,,,,,M061893,2020-07-27_15h18.33.624,Feng_Mindwandering_Set2,2020.1.3,Win32,60,,,,,,,,,6,4,"4.     The overall goal of local government seems to be public

a.     regulation
b.     wealth
c.     growth
d.     welfare
e.     protection",,,,,,,,e,0,5.324965,,,,,,d,,,,,,,,,,,,,,,,,,,,,,,,,,,,,,,,,,,,,,,,,,,,,,0,3,3,3,1,,,,,,,,,,,,,,,,,,,,,,
,,,,,,,,,M061893,2020-07-27_15h18.33.624,Feng_Mindwandering_Set2,2020.1.3,Win32,60,space,0.835005,,,,,,,7,0,Passage 7,0,Easy,2,2,,,,,,,,,,,,,,,,,,,,,,,,,,,,,,,,,,,,,,,,,,,,,,,,,,,,,,,,,,,,,,,0,0,0,0,1,,,,,,,,,,,,,,,,,
,,,,,,,,,M061893,2020-07-27_15h18.33.624,Feng_Mindwandering_Set2,2020.1.3,Win32,60,space,5.996305,,,,,,,7,1,"Once in a while you will hear about an artist who was recognized as a master during his lifetime, but was then almost forgotten after his death.",0,Easy,2,2,,,,,,,,,,,,,,,,,,,,,,,,,,,,,,,,,,,,,,,,,,,,,,,,,,,,,,,,,,,,,,,0,1,1,1,1,,,,,,,,,,,,,,,,,
,,,,,,,,,M061893,2020-07-27_15h18.33.624,Feng_Mindwandering_Set2,2020.1.3,Win32,60,space,2.874205,,,,,,,7,2,"A good example is the painter, Domenicos Theotocopoulos.",0,Easy,2,2,,,,,,,,,,,,,,,,,,,,,,,,,,,,,,,,,,,,,,,,,,,,,,,,,,,,,,,,,,,,,,,0,2,2,2,1,,,,,,,,,,,,,,,,,
,,,,,,,,,M061893,2020-07-27_15h18.33.624,Feng_Mindwandering_Set2,2020.1.3,Win32,60,space,2.365785,,,,,,,7,3,He was known as El Greco because of his Greek ancestry.,0,Easy,2,2,,,,,,,,,,,,,,,,,,,,,,,,,,,,,,,,,,,,,,,,,,,,,,,,,,,,,,,,,,,,,,,0,3,3,3,1,,,,,,,,,,,,,,,,,
,,,,,,,,,M061893,2020-07-27_15h18.33.624,Feng_Mindwandering_Set2,2020.1.3,Win32,60,space,5.579775,n,,,,,,7,4,"After pursuing his early career in Italy, El Greco settled in the Spanish city of Toledo, where he prospered for the rest of his life.",1,Easy,2,2,1.19091,,,,,,,,,,,,,,,,,,,,,,,,,,,,,,,,,,,,,,,,,,,,,,,,,,,,,,,,,,,,,,0,4,4,4,1,,,,,,,,,,,,,,,,,
,,,,,,,,,M061893,2020-07-27_15h18.33.624,Feng_Mindwandering_Set2,2020.1.3,Win32,60,space,2.48835,,,,,,,7,5,He prospered there for the rest of his life.,0,Easy,2,2,,,,,,,,,,,,,,,,,,,,,,,,,,,,,,,,,,,,,,,,,,,,,,,,,,,,,,,,,,,,,,,0,5,5,5,1,,,,,,,,,,,,,,,,,
,,,,,,,,,M061893,2020-07-27_15h18.33.624,Feng_Mindwandering_Set2,2020.1.3,Win32,60,space,3.711375,,,,,,,7,6,History forgot El Greco for nearly three hundred years.,0,Easy,2,2,,,,,,,,,,,,,,,,,,,,,,,,,,,,,,,,,,,,,,,,,,,,,,,,,,,,,,,,,,,,,,,0,6,6,6,1,,,,,,,,,,,,,,,,,
,,,,,,,,,M061893,2020-07-27_15h18.33.624,Feng_Mindwandering_Set2,2020.1.3,Win32,60,space,3.462605,,,,,,,7,7,"Then, artists and critics of the twentieth century rediscovered him.",0,Easy,2,2,,,,,,,,,,,,,,,,,,,,,,,,,,,,,,,,,,,,,,,,,,,,,,,,,,,,,,,,,,,,,,,0,7,7,7,1,,,,,,,,,,,,,,,,,
,,,,,,,,,M061893,2020-07-27_15h18.33.624,Feng_Mindwandering_Set2,2020.1.3,Win32,60,space,7.03706,,,,,,,7,8,"The power of El Greco’s intensely emotional style can be felt most strongly in his later paintings, such as the famous View of Toledo.",0,Easy,2,2,,,,,,,,,,,,,,,,,,,,,,,,,,,,,,,,,,,,,,,,,,,,,,,,,,,,,,,,,,,,,,,0,8,8,8,1,,,,,,,,,,,,,,,,,
,,,,,,,,,M061893,2020-07-27_15h18.33.624,Feng_Mindwandering_Set2,2020.1.3,Win32,60,space,4.512695,,,,,,,7,9,"He painted this canvas in 1610, only a few years before his death.",0,Easy,2,2,,,,,,,,,,,,,,,,,,,,,,,,,,,,,,,,,,,,,,,,,,,,,,,,,,,,,,,,,,,,,,,0,9,9,9,1,,,,,,,,,,,,,,,,,
,,,,,,,,,M061893,2020-07-27_15h18.33.624,Feng_Mindwandering_Set2,2020.1.3,Win32,60,space,1.154385,,,,,,,7,10,It is a strange landscape.,0,Easy,2,2,,,,,,,,,,,,,,,,,,,,,,,,,,,,,,,,,,,,,,,,,,,,,,,,,,,,,,,,,,,,,,,0,10,10,10,1,,,,,,,,,,,,,,,,,
,,,,,,,,,M061893,2020-07-27_15h18.33.624,Feng_Mindwandering_Set2,2020.1.3,Win32,60,space,6.692275,,,,,,,7,11,"One notices that eerie, silvery buildings take on a ghostlike stillness next to the explosive light of the sky and the writhing forms of the countryside below.",0,Easy,2,2,,,,,,,,,,,,,,,,,,,,,,,,,,,,,,,,,,,,,,,,,,,,,,,,,,,,,,,,,,,,,,,0,11,11,11,1,,,,,,,,,,,,,,,,,
,,,,,,,,,M061893,2020-07-27_15h18.33.624,Feng_Mindwandering_Set2,2020.1.3,Win32,60,space,5.46002,,,,,,,7,12,"Curiously, about the same time, another important artist was scorned even by many of his contemporaries.",0,Easy,2,2,,,,,,,,,,,,,,,,,,,,,,,,,,,,,,,,,,,,,,,,,,,,,,,,,,,,,,,,,,,,,,,0,12,12,12,1,,,,,,,,,,,,,,,,,
,,,,,,,,,M061893,2020-07-27_15h18.33.624,Feng_Mindwandering_Set2,2020.1.3,Win32,60,space,1.58892,,,,,,,7,13,This artist was Caravaggio.,0,Easy,2,2,,,,,,,,,,,,,,,,,,,,,,,,,,,,,,,,,,,,,,,,,,,,,,,,,,,,,,,,,,,,,,,0,13,13,13,1,,,,,,,,,,,,,,,,,
,,,,,,,,,M061893,2020-07-27_15h18.33.624,Feng_Mindwandering_Set2,2020.1.3,Win32,60,space,3.58919,,,,,,,7,14,He was a self-taught painter who came to Rome around 1590 from a small town in Lombardy.,0,Easy,2,2,,,,,,,,,,,,,,,,,,,,,,,,,,,,,,,,,,,,,,,,,,,,,,,,,,,,,,,,,,,,,,,0,14,14,14,1,,,,,,,,,,,,,,,,,
,,,,,,,,,M061893,2020-07-27_15h18.33.624,Feng_Mindwandering_Set2,2020.1.3,Win32,60,space,6.251145,,,,,,,7,15,"Caravaggio’s critics complained that he treated sacred religious subjects in a low, vulgar way by including the faces and figures of common people in his paintings.",0,Easy,2,2,,,,,,,,,,,,,,,,,,,,,,,,,,,,,,,,,,,,,,,,,,,,,,,,,,,,,,,,,,,,,,,0,15,15,15,1,,,,,,,,,,,,,,,,,
,,,,,,,,,M061893,2020-07-27_15h18.33.624,Feng_Mindwandering_Set2,2020.1.3,Win32,60,space,4.041275,y,,,,,,7,16,"By using stark contrasts of light and shadow, Caravaggio managed to conjure up unforgettable scenes of dramatic realism.",1,Easy,2,2,2.160795,,,,,,,,,,,,,,,,,,,,,,,,,,,,,,,,,,,,,,,,,,,,,,,,,,,,,,,,,,,,,,0,16,16,16,1,,,,,,,,,,,,,,,,,
,,,,,,,,,M061893,2020-07-27_15h18.33.624,Feng_Mindwandering_Set2,2020.1.3,Win32,60,,,,,,,,,7,1,"1.     In his paintings, Caravaggio included

a.     common people
b.     strange landscapes
c.     eerie, silvery buildings
d.     ghosts
e.     Corpses",,,,,,space,1.115245,a,1,9.7122,,,,,,a,,,,,,,,,,,,,,,,,,,,,,,,,,,,,,,,,,,,,,,,,,,,,,,,,,,,,,,,0,0,0,0,1,,,,,,,,,,,,
,,,,,,,,,M061893,2020-07-27_15h18.33.624,Feng_Mindwandering_Set2,2020.1.3,Win32,60,,,,,,,,,7,2,"2.     El Greco pursued his early career in

a.     Italy
b.     Greece
c.     Lombardy
d.     Rome
e.     Toledo",,,,,,,,c,0,12.284995,,,,,,a,,,,,,,,,,,,,,,,,,,,,,,,,,,,,,,,,,,,,,,,,,,,,,,,,,,,,,,,0,1,1,1,1,,,,,,,,,,,,
,,,,,,,,,M061893,2020-07-27_15h18.33.624,Feng_Mindwandering_Set2,2020.1.3,Win32,60,,,,,,,,,7,3,"3.     Apparently a major technique of Caravaggio’s was

a.     using exalted religious subjects
b.     using stark contrasts
c.     using cadavers
d.     using ghostlike stillness
e.     none of the above",,,,,,,,a,0,11.518465,,,,,,b,,,,,,,,,,,,,,,,,,,,,,,,,,,,,,,,,,,,,,,,,,,,,,,,,,,,,,,,0,2,2,2,1,,,,,,,,,,,,
,,,,,,,,,M061893,2020-07-27_15h18.33.624,Feng_Mindwandering_Set2,2020.1.3,Win32,60,,,,,,,,,7,4,"4.     The principal idea discussed in this passage concerns

a.     El Greco
b.     Caravaggio
c.      contemporary approval of artists
d.     the travels of painters
e.     the prosperity of artists",,,,,,,,a,0,40.918115,,,,,,c,,,,,,,,,,,,,,,,,,,,,,,,,,,,,,,,,,,,,,,,,,,,,,,,,,,,,,,,0,3,3,3,1,,,,,,,,,,,,
,,,,,,,,,M061893,2020-07-27_15h18.33.624,Feng_Mindwandering_Set2,2020.1.3,Win32,60,space,0.925165,,,,,,,8,0,Passage 8,0,Diff,1,2,,,,,,,,,,,,,,,,,,,,,,,,,,,,,,,,,,,,,,,,,,,,,,,,,,,,,,,,,,,,,,,,,,,,,,,,,0,0,0,0,1,,,,,,,
,,,,,,,,,M061893,2020-07-27_15h18.33.624,Feng_Mindwandering_Set2,2020.1.3,Win32,60,space,6.28326,,,,,,,8,1,The key to the design called experimental is assignment of subjects to conditions randomly. ,0,Diff,1,2,,,,,,,,,,,,,,,,,,,,,,,,,,,,,,,,,,,,,,,,,,,,,,,,,,,,,,,,,,,,,,,,,,,,,,,,,0,1,1,1,1,,,,,,,
,,,,,,,,,M061893,2020-07-27_15h18.33.624,Feng_Mindwandering_Set2,2020.1.3,Win32,60,space,8.13234,,,,,,,8,2,By the influence on the results of some extraneous variable that is tied to or correlated with the variable under investigation is insured against.,0,Diff,1,2,,,,,,,,,,,,,,,,,,,,,,,,,,,,,,,,,,,,,,,,,,,,,,,,,,,,,,,,,,,,,,,,,,,,,,,,,0,2,2,2,1,,,,,,,
,,,,,,,,,M061893,2020-07-27_15h18.33.624,Feng_Mindwandering_Set2,2020.1.3,Win32,60,space,4.458495,,,,,,,8,3,"By contrast with experimental designs, subjects, in correlational designs, in a sense, assign themselves to conditions.",0,Diff,1,2,,,,,,,,,,,,,,,,,,,,,,,,,,,,,,,,,,,,,,,,,,,,,,,,,,,,,,,,,,,,,,,,,,,,,,,,,0,3,3,3,1,,,,,,,
,,,,,,,,,M061893,2020-07-27_15h18.33.624,Feng_Mindwandering_Set2,2020.1.3,Win32,60,space,10.790925,y,,,,,,8,4,"Thus, in the cancer studies as they have been done, only people who are four-pack-a-day smokers—by their own “choice”—get into a four-pack-a-day condition.",1,Diff,1,2,2.279,,,,,,,,,,,,,,,,,,,,,,,,,,,,,,,,,,,,,,,,,,,,,,,,,,,,,,,,,,,,,,,,,,,,,,,,0,4,4,4,1,,,,,,,
,,,,,,,,,M061893,2020-07-27_15h18.33.624,Feng_Mindwandering_Set2,2020.1.3,Win32,60,space,12.37735,,,,,,,8,5,Whatever the factors are that contribute to a person’s being a heavy smoker surely must also make him different from the typical nonsmoker in other ways.,0,Diff,1,2,,,,,,,,,,,,,,,,,,,,,,,,,,,,,,,,,,,,,,,,,,,,,,,,,,,,,,,,,,,,,,,,,,,,,,,,,0,5,5,5,1,,,,,,,
,,,,,,,,,M061893,2020-07-27_15h18.33.624,Feng_Mindwandering_Set2,2020.1.3,Win32,60,space,10.72094,y,,,,,,8,6,"Hence the ambiguity of interpretation in correlational designs, and hence the virtue of experimental designs.",1,Diff,1,2,1.658035,,,,,,,,,,,,,,,,,,,,,,,,,,,,,,,,,,,,,,,,,,,,,,,,,,,,,,,,,,,,,,,,,,,,,,,,0,6,6,6,1,,,,,,,
,,,,,,,,,M061893,2020-07-27_15h18.33.624,Feng_Mindwandering_Set2,2020.1.3,Win32,60,space,5.624935,,,,,,,8,7,"In the latter case, if assignment to conditions is truly random then prevailing differences among individual subjects cannot confound the results systematically.",0,Diff,1,2,,,,,,,,,,,,,,,,,,,,,,,,,,,,,,,,,,,,,,,,,,,,,,,,,,,,,,,,,,,,,,,,,,,,,,,,,0,7,7,7,1,,,,,,,
,,,,,,,,,M061893,2020-07-27_15h18.33.624,Feng_Mindwandering_Set2,2020.1.3,Win32,60,space,5.019665,n,,,,,,8,8,"Put another way, the experimenter has under his control all the variables that can influence the results.",1,Diff,1,2,1.56548,,,,,,,,,,,,,,,,,,,,,,,,,,,,,,,,,,,,,,,,,,,,,,,,,,,,,,,,,,,,,,,,,,,,,,,,0,8,8,8,1,,,,,,,
,,,,,,,,,M061893,2020-07-27_15h18.33.624,Feng_Mindwandering_Set2,2020.1.3,Win32,60,space,2.534425,,,,,,,8,9,Whether he can exactly identify these variables is another question.,0,Diff,1,2,,,,,,,,,,,,,,,,,,,,,,,,,,,,,,,,,,,,,,,,,,,,,,,,,,,,,,,,,,,,,,,,,,,,,,,,,0,9,9,9,1,,,,,,,
,,,,,,,,,M061893,2020-07-27_15h18.33.624,Feng_Mindwandering_Set2,2020.1.3,Win32,60,space,6.19276,,,,,,,8,10,"Thus, entirely unambiguous results are not yielded by experimental designs, merely results that are less ambiguous than those associated with correlational designs.",0,Diff,1,2,,,,,,,,,,,,,,,,,,,,,,,,,,,,,,,,,,,,,,,,,,,,,,,,,,,,,,,,,,,,,,,,,,,,,,,,,0,10,10,10,1,,,,,,,
,,,,,,,,,M061893,2020-07-27_15h18.33.624,Feng_Mindwandering_Set2,2020.1.3,Win32,60,,,,,,,,,8,1,"1.     Specific mention is made of
 
a.     psychogenesis
b.     psychodynamics
c.     psychobiology
d.     psychotherapy
e.     none of the above",,,,,,space,0.87506,e,1,5.36245,,,,,,e,,,,,,,,,,,,,,,,,,,,,,,,,,,,,,,,,,,,,,,,,,,,,,,,,,,,,,,,,,,,,,,,,,0,0,0,0,1,,
,,,,,,,,,M061893,2020-07-27_15h18.33.624,Feng_Mindwandering_Set2,2020.1.3,Win32,60,,,,,,,,,8,2,"2.     How many research design patterns were discussed?

a.     One only
b.     Two
c.     Three
d.     Four
e.     Five",,,,,,,,a,0,4.622735,,,,,,b,,,,,,,,,,,,,,,,,,,,,,,,,,,,,,,,,,,,,,,,,,,,,,,,,,,,,,,,,,,,,,,,,,0,1,1,1,1,,
,,,,,,,,,M061893,2020-07-27_15h18.33.624,Feng_Mindwandering_Set2,2020.1.3,Win32,60,,,,,,,,,8,3,"3.     As used in this passage, the phrase put another way means

a.     rephrasing
b.     enumeration
c.     using details
d.     reasoning
e.     Illustration",,,,,,,,d,0,8.558915,,,,,,a,,,,,,,,,,,,,,,,,,,,,,,,,,,,,,,,,,,,,,,,,,,,,,,,,,,,,,,,,,,,,,,,,,0,2,2,2,1,,
,,,,,,,,,M061893,2020-07-27_15h18.33.624,Feng_Mindwandering_Set2,2020.1.3,Win32,60,,,,,,,,,8,4,"4.     In this passage the authors imply that heavy smoking is probably caused by

a.     tension
b.     nervousness
c.     habit
d.     social pressure
e.     all the above and more",,,,,,,,d,0,12.896675,,,,,,e,,,,,,,,,,,,,,,,,,,,,,,,,,,,,,,,,,,,,,,,,,,,,,,,,,,,,,,,,,,,,,,,,,0,3,3,3,1,,
,,,,,,,,,M061893,2020-07-27_15h18.33.624,Feng_Mindwandering_Set2,2020.1.3,Win32,60,,,,,,,,,,,,,,,,,,,,,,,,,,,,,,,,,,,,,,,,,,,,,,,,,,,,,,,,,,,,,,,,,,,,,,,,,,,,,,,,,,,,,,,,,,,,,,,,,,space,5.39196
